,date,count,frequency
0,1818,311,0.025014075444381886
1,1980,215,0.017292688812032494
2,Unknown,192,0.015442773264698785
3,1967,188,0.015121048821684227
4,1902,181,0.014558031046408751
5,1934,176,0.014155875492640553
6,1930,168,0.013512426606611437
7,1966,154,0.012386391056060484
8,1919,151,0.012145097723799566
9,1950,151,0.012145097723799566
10,1968,149,0.011984235502292287
11,1964,139,0.011179924394755892
12,"1947–49, published 1949",128,0.010295182176465857
13,1929,127,0.010214751065712218
14,1923,126,0.010134319954958578
15,1928,126,0.010134319954958578
16,1965,125,0.010053888844204939
17,1992,124,0.0099734577334513
18,1976,121,0.009732164401190381
19,1962,120,0.009651733290436742
20,1963,119,0.009571302179683102
21,1969,118,0.009490871068929463
22,1916,118,0.009490871068929463
23,1949,116,0.009330008847422184
24,"1945–48, published 1948",114,0.009169146625914905
25,1972,113,0.009088715515161265
26,1924,113,0.009088715515161265
27,1933,112,0.009008284404407626
28,1951,109,0.008766991072146707
29,1943,107,0.008606128850639428
30,1932,106,0.008525697739885789
31,1983,105,0.008445266629132149
32,1931,105,0.008445266629132149
33,1956,102,0.00820397329687123
34,1935,101,0.008123542186117591
35,1974,97,0.007801817743103032
36,1978,94,0.007560524410842114
37,1957,93,0.007480093300088474
38,"1947–58, published 1958",92,0.007399662189334835
39,1927,89,0.007158368857073916
40,1948,88,0.007077937746320277
41,1954,88,0.007077937746320277
42,1960,87,0.006997506635566637
43,1973,84,0.006756213303305719
44,1958,83,0.006675782192552079
45,1979,83,0.006675782192552079
46,1926,82,0.00659535108179844
47,1920,82,0.00659535108179844
48,1984,82,0.00659535108179844
49,1981,82,0.00659535108179844
50,1942,81,0.0065149199710448
51,1971,79,0.006354057749537521
52,1986,79,0.006354057749537521
53,1925,79,0.006354057749537521
54,"1948–50, published 1950",78,0.006273626638783882
55,1989,77,0.006193195528030242
56,1953,77,0.006193195528030242
57,1918,77,0.006193195528030242
58,1947,74,0.005951902195769324
59,1991,73,0.005871471085015684
60,1961,73,0.005871471085015684
61,1941,71,0.005710608863508405
62,1977,70,0.005630177752754766
63,1970,70,0.005630177752754766
64,1955,69,0.005549746642001126
65,1937,68,0.005469315531247487
66,1936,68,0.005469315531247487
67,1922,67,0.005388884420493847
68,1959,66,0.005308453309740208
69,1913,65,0.005228022198986568
70,1995,64,0.005147591088232929
71,1988,60,0.004825866645218371
72,1923-48,59,0.004745435534464731
73,1997,59,0.004745435534464731
74,"1943–44, published 1944",58,0.004665004423711092
75,c. 1900,58,0.004665004423711092
76,1993,58,0.004665004423711092
77,1946,57,0.004584573312957452
78,"1951–52, published 1952",56,0.004504142202203813
79,1975,55,0.004423711091450173
80,1938,54,0.004343279980696534
81,(1913),54,0.004343279980696534
82,1912,54,0.004343279980696534
83,1985,53,0.004262848869942894
84,1917,48,0.0038606933161746963
85,1987,44,0.0035389688731601384
86,1990,44,0.0035389688731601384
87,c. 1950,43,0.003458537762406499
88,1996,43,0.003458537762406499
89,1994,43,0.003458537762406499
90,c. 1940,42,0.0033781066516528594
91,1982-83,37,0.002975951097884662
92,1909,37,0.002975951097884662
93,"1975–78, published 1978",37,0.002975951097884662
94,1982,36,0.0028955199871310224
95,1940,36,0.0028955199871310224
96,"1936, published 1942",36,0.0028955199871310224
97,1914,35,0.002815088876377383
98,1944,35,0.002815088876377383
99,c. 1931,34,0.0027346577656237434
100,After 1933,33,0.002654226654870104
101,1910,33,0.002654226654870104
102,1930s,33,0.002654226654870104
103,1948-1949,33,0.002654226654870104
104,c. 1930,33,0.002654226654870104
105,1921,32,0.0025737955441164644
106,1952,31,0.002493364433362825
107,"1975–76, published 1976",31,0.002493364433362825
108,1918 (executed 1917),30,0.0024129333226091854
109,1939,30,0.0024129333226091854
110,"1978–80, published 1983",30,0.0024129333226091854
111,"1949, published 1950",29,0.002332502211855546
112,1939-1945,29,0.002332502211855546
113,"1954–57, published 1957",28,0.0022520711011019064
114,1945,28,0.0022520711011019064
115,Before 1934,28,0.0022520711011019064
116,1895,27,0.002171639990348267
117,c. 1910,26,0.0020912088795946274
118,c. 1946,26,0.0020912088795946274
119,1897,26,0.0020912088795946274
120,c. 1945,26,0.0020912088795946274
121,1920s,25,0.002010777768840988
122,1976-77,25,0.002010777768840988
123,"1893–94, published 1895",24,0.0019303466580873482
124,1978-80,24,0.0019303466580873482
125,"1958-64, published 1964",24,0.0019303466580873482
126,1894,24,0.0019303466580873482
127,c. 1953,23,0.0018499155473337087
128,1943-53,23,0.0018499155473337087
129,"(1950, print executed 1949-50)",22,0.0017694844365800692
130,c. 1951,22,0.0017694844365800692
131,1911,21,0.0016890533258264297
132,c. 1917,21,0.0016890533258264297
133,"1970–72, published 1972",21,0.0016890533258264297
134,"1947, published 1948",20,0.0016086222150727902
135,c. 1936,20,0.0016086222150727902
136,c. 1954,20,0.0016086222150727902
137,c. 1955,19,0.0015281911043191507
138,"1943–47, published 1947",19,0.0015281911043191507
139,c. 1925,18,0.0014477599935655112
140,c. 1943,18,0.0014477599935655112
141,"(book published, 1958)",18,0.0014477599935655112
142,"1988, published 1989",18,0.0014477599935655112
143,1922 (executed 1921),18,0.0014477599935655112
144,c.1941,18,0.0014477599935655112
145,"1930, published 1931",18,0.0014477599935655112
146,"1971, published 1972",18,0.0014477599935655112
147,1950s,17,0.0013673288828118717
148,c. 1938,17,0.0013673288828118717
149,"1957–61, published 1961",17,0.0013673288828118717
150,1898,17,0.0013673288828118717
151,c. 1929,17,0.0013673288828118717
152,(Print executed 1947),16,0.0012868977720582322
153,c. 1948,16,0.0012868977720582322
154,After 1924,16,0.0012868977720582322
155,c. 1949,16,0.0012868977720582322
156,c. 1942,16,0.0012868977720582322
157,c. 1932-66,16,0.0012868977720582322
158,1896,15,0.0012064666613045927
159,c. 1935,15,0.0012064666613045927
160,1916 (executed 1913),15,0.0012064666613045927
161,1936-37,15,0.0012064666613045927
162,"1913–14, published 1914",15,0.0012064666613045927
163,"1923, published 1977",15,0.0012064666613045927
164,1998,14,0.0011260355505509532
165,"1961–62, published 1963",14,0.0011260355505509532
166,1905,14,0.0011260355505509532
167,c. 1918,13,0.0010456044397973137
168,"1949, published 1954",13,0.0010456044397973137
169,(1916),12,0.0009651733290436741
170,1980-81,12,0.0009651733290436741
171,1940s,12,0.0009651733290436741
172,1941-43,12,0.0009651733290436741
173,"1952, published 1957",12,0.0009651733290436741
174,"1966, published 1967",12,0.0009651733290436741
175,c. 1941,12,0.0009651733290436741
176,c. 1927,11,0.0008847422182900346
177,c. 1994,11,0.0008847422182900346
178,"1912–20, published 1966",11,0.0008847422182900346
179,c. 1944,11,0.0008847422182900346
180,1908,11,0.0008847422182900346
181,(1966-70),10,0.0008043111075363951
182,after 1938,10,0.0008043111075363951
183,"1922, published 1923",10,0.0008043111075363951
184,1899,10,0.0008043111075363951
185,1917 (executed 1907-08),10,0.0008043111075363951
186,1964–1966,9,0.0007238799967827556
187,c. 1937,9,0.0007238799967827556
188,1900,9,0.0007238799967827556
189,c. 1952,9,0.0007238799967827556
190,"1915, published 1916",9,0.0007238799967827556
191,c. 1928,9,0.0007238799967827556
192,c. 1970,9,0.0007238799967827556
193,1966-68,9,0.0007238799967827556
194,c. 1905,9,0.0007238799967827556
195,"1927, published 1931",9,0.0007238799967827556
196,c. 1960,9,0.0007238799967827556
197,c. 1934,9,0.0007238799967827556
198,1904,9,0.0007238799967827556
199,"1955, published 1956",9,0.0007238799967827556
200,1939-43,9,0.0007238799967827556
201,1999,9,0.0007238799967827556
202,1915,9,0.0007238799967827556
203,"(1973-1974, executed 1973)",9,0.0007238799967827556
204,c.1946,9,0.0007238799967827556
205,c. 1920,9,0.0007238799967827556
206,1907,8,0.0006434488860291161
207,"1964, published 1966",8,0.0006434488860291161
208,"1939, published 1940",8,0.0006434488860291161
209,1917 (executed1916⁄17),8,0.0006434488860291161
210,"1934, published 1935",8,0.0006434488860291161
211,Before 1947,8,0.0006434488860291161
212,(Print executed 1971-1972).,8,0.0006434488860291161
213,c. 1959,8,0.0006434488860291161
214,c. 1924,8,0.0006434488860291161
215,1949-51,8,0.0006434488860291161
216,1920-1950,8,0.0006434488860291161
217,1943-46,8,0.0006434488860291161
218,1944-1953,8,0.0006434488860291161
219,c. 1977,7,0.0005630177752754766
220,"(Book commissioned, but unpublished by Vollard;  Print executed 1923; Book publi",7,0.0005630177752754766
221,Before 1948,7,0.0005630177752754766
222,c. 1956,7,0.0005630177752754766
223,"1962, published 1964",7,0.0005630177752754766
224,(Print executed 1956),7,0.0005630177752754766
225,(1950),7,0.0005630177752754766
226,(1980),7,0.0005630177752754766
227,"1949, published 1964",7,0.0005630177752754766
228,"1923, published 1948",7,0.0005630177752754766
229,Before 1946,7,0.0005630177752754766
230,"1967–68, published 1968",7,0.0005630177752754766
231,"1927–28, published 1928",6,0.00048258666452183704
232,"1956, published 1957",6,0.00048258666452183704
233,1898-99,6,0.00048258666452183704
234,1932-33,6,0.00048258666452183704
235,1952-1957,6,0.00048258666452183704
236,After 1929,6,0.00048258666452183704
237,c.1940,6,0.00048258666452183704
238,"1958, published 1960",6,0.00048258666452183704
239,1928–1929,6,0.00048258666452183704
240,c. 1926,6,0.00048258666452183704
241,1892,6,0.00048258666452183704
242,Before 1939,6,0.00048258666452183704
243,"1910, published 1911",6,0.00048258666452183704
244,"February 17, 1948, published 1947",6,0.00048258666452183704
245,1936–1937,6,0.00048258666452183704
246,1959-64,6,0.00048258666452183704
247,c. 1915-17,6,0.00048258666452183704
248,c.1942,6,0.00048258666452183704
249,c. 1995,6,0.00048258666452183704
250,c. 1947,6,0.00048258666452183704
251,1903,6,0.00048258666452183704
252,1914 (executed 1913),6,0.00048258666452183704
253,1925–1926,6,0.00048258666452183704
254,c. 1939,6,0.00048258666452183704
255,"1948, published 1949",6,0.00048258666452183704
256,c. 1925-30,6,0.00048258666452183704
257,c. 1939-40,5,0.00040215555376819754
258,"1913, published 1914",5,0.00040215555376819754
259,1900-1902,5,0.00040215555376819754
260,1875,5,0.00040215555376819754
261,(1953),5,0.00040215555376819754
262,1926-27,5,0.00040215555376819754
263,1919–20,5,0.00040215555376819754
264,1945-46,5,0.00040215555376819754
265,"1922, published 1948",5,0.00040215555376819754
266,1919 (print executed in 1917),5,0.00040215555376819754
267,c.1925,5,0.00040215555376819754
268,1925-30,5,0.00040215555376819754
269,c. 1962,5,0.00040215555376819754
270,1935-1936,5,0.00040215555376819754
271,1920-1933,5,0.00040215555376819754
272,"1970, published 1971",5,0.00040215555376819754
273,"1941, published 1943",5,0.00040215555376819754
274,(1987),5,0.00040215555376819754
275,c.1960,5,0.00040215555376819754
276,1930-31,5,0.00040215555376819754
277,1951-1952,5,0.00040215555376819754
278,c. 1946-47,5,0.00040215555376819754
279,published 1968,5,0.00040215555376819754
280,1837,5,0.00040215555376819754
281,1893,5,0.00040215555376819754
282,c. 1929-30,5,0.00040215555376819754
283,1919-25,5,0.00040215555376819754
284,1939-45,5,0.00040215555376819754
285,1927-28,5,0.00040215555376819754
286,c.1939,5,0.00040215555376819754
287,c. 1923,5,0.00040215555376819754
288,c. 1913,5,0.00040215555376819754
289,1948-50,5,0.00040215555376819754
290,1933-34,5,0.00040215555376819754
291,c. 1907,5,0.00040215555376819754
292,c. 1895,5,0.00040215555376819754
293,c. 1898,5,0.00040215555376819754
294,1972–1973,4,0.00032172444301455805
295,1972 (Prints executed August 1971 – May 1972),4,0.00032172444301455805
296,Designed 1927 (this example 1976),4,0.00032172444301455805
297,1972-73,4,0.00032172444301455805
298,c. 1915,4,0.00032172444301455805
299,Before 1944,4,0.00032172444301455805
300,1959–1961,4,0.00032172444301455805
301,c.1930-1935,4,0.00032172444301455805
302,c. 1932,4,0.00032172444301455805
303,1964-67,4,0.00032172444301455805
304,c. 1954-80,4,0.00032172444301455805
305,c. 1904,4,0.00032172444301455805
306,1928-30,4,0.00032172444301455805
307,1893 (reproduced drawings executed 1891–93),4,0.00032172444301455805
308,1947 (reproduced drawings executed 1938),4,0.00032172444301455805
309,1929–1930,4,0.00032172444301455805
310,1930–1932,4,0.00032172444301455805
311,"1965, published 1966",4,0.00032172444301455805
312,c. 1865,4,0.00032172444301455805
313,"1982, published 1985",4,0.00032172444301455805
314,Before 1975,4,0.00032172444301455805
315,1920 (print executed 1919),4,0.00032172444301455805
316,c.1937,4,0.00032172444301455805
317,"1960, published 1964",4,0.00032172444301455805
318,1947-1952,4,0.00032172444301455805
319,c. 1957,4,0.00032172444301455805
320,1936-1947,4,0.00032172444301455805
321,c. 1968,4,0.00032172444301455805
322,c.1935,4,0.00032172444301455805
323,c. 1988,4,0.00032172444301455805
324,"1927–28, published 1931",4,0.00032172444301455805
325,(1970),4,0.00032172444301455805
326,"1929-1933, model 1987",4,0.00032172444301455805
327,c. 1908,4,0.00032172444301455805
328,1979-80,4,0.00032172444301455805
329,1923–1928,4,0.00032172444301455805
330,1920-1940,4,0.00032172444301455805
331,1974-77,4,0.00032172444301455805
332,1950-51,4,0.00032172444301455805
333,Before 1953,4,0.00032172444301455805
334,(1969),4,0.00032172444301455805
335,(1983),4,0.00032172444301455805
336,1923-28,4,0.00032172444301455805
337,"November 25, 1952, published 1957",4,0.00032172444301455805
338,1990-94,3,0.00024129333226091852
339,"1895, prints executed 1893–94",3,0.00024129333226091852
340,Before 1954,3,0.00024129333226091852
341,1901-02,3,0.00024129333226091852
342,1982-86,3,0.00024129333226091852
343,"1928, published 1931",3,0.00024129333226091852
344,"April 14, 1947, published 1948",3,0.00024129333226091852
345,c.1944,3,0.00024129333226091852
346,"1990, published 1991",3,0.00024129333226091852
347,before 1927,3,0.00024129333226091852
348,late 1930s,3,0.00024129333226091852
349,1894-1895,3,0.00024129333226091852
350,1900-1939,3,0.00024129333226091852
351,1955-58,3,0.00024129333226091852
352,c. 1956-66,3,0.00024129333226091852
353,"1961, published 1962",3,0.00024129333226091852
354,early 1940s,3,0.00024129333226091852
355,c. 1908-09,3,0.00024129333226091852
356,1870,3,0.00024129333226091852
357,1917-18,3,0.00024129333226091852
358,c. 1969,3,0.00024129333226091852
359,1924-25,3,0.00024129333226091852
360,1957-58,3,0.00024129333226091852
361,1938–1939,3,0.00024129333226091852
362,1926–1927,3,0.00024129333226091852
363,1976 (print executed 1939),3,0.00024129333226091852
364,1930-32,3,0.00024129333226091852
365,c. 1927-28,3,0.00024129333226091852
366,1890,3,0.00024129333226091852
367,"1971–81, published 1981",3,0.00024129333226091852
368,1916-20,3,0.00024129333226091852
369,(1920),3,0.00024129333226091852
370,1990–1991,3,0.00024129333226091852
371,c. 1899,3,0.00024129333226091852
372,1914-1918,3,0.00024129333226091852
373,1926-31,3,0.00024129333226091852
374,"1918, published 1968",3,0.00024129333226091852
375,"1973, print executed 1974",3,0.00024129333226091852
376,1921–22,3,0.00024129333226091852
377,(1964),3,0.00024129333226091852
378,1985–1986,3,0.00024129333226091852
379,c. 1916,3,0.00024129333226091852
380,1931-32,3,0.00024129333226091852
381,1941–1945,3,0.00024129333226091852
382,(Prints executed 1971-1973).,3,0.00024129333226091852
383,1919-23,3,0.00024129333226091852
384,"1929, published 1930",3,0.00024129333226091852
385,c. 1901,3,0.00024129333226091852
386,1992-93,3,0.00024129333226091852
387,1942-49,3,0.00024129333226091852
388,1935-36,3,0.00024129333226091852
389,"1930–31, published 1931",3,0.00024129333226091852
390,1902-04,3,0.00024129333226091852
391,(1991),3,0.00024129333226091852
392,"1922, publsihed 1923",3,0.00024129333226091852
393,c. 1914,3,0.00024129333226091852
394,(1949),3,0.00024129333226091852
395,"February 6, 1947, published 1947",3,0.00024129333226091852
396,"April 13, 1951, published 1952",3,0.00024129333226091852
397,1928-29,3,0.00024129333226091852
398,"1930–35, published 1935",3,0.00024129333226091852
399,(1992),3,0.00024129333226091852
400,"1960–69, published 1969",3,0.00024129333226091852
401,c. 1993,3,0.00024129333226091852
402,1946-47,3,0.00024129333226091852
403,c. 1944-45,3,0.00024129333226091852
404,1939–1943,3,0.00024129333226091852
405,1953-55,3,0.00024129333226091852
406,1947-50,3,0.00024129333226091852
407,c.1918-1920,3,0.00024129333226091852
408,Before 1938,3,0.00024129333226091852
409,Before 1978,3,0.00024129333226091852
410,Before 1941,3,0.00024129333226091852
411,c.1976,3,0.00024129333226091852
412,c. 1961,3,0.00024129333226091852
413,"May 30, 1948, published 1949",3,0.00024129333226091852
414,(Prints executed 1980).,3,0.00024129333226091852
415,"(1926, published 1927)",3,0.00024129333226091852
416,"1966, published 1968",3,0.00024129333226091852
417,1889,3,0.00024129333226091852
418,c. 1918-20,3,0.00024129333226091852
419,c. 1933-39,3,0.00024129333226091852
420,c. 1921,3,0.00024129333226091852
421,1938-39,3,0.00024129333226091852
422,1906–1912,3,0.00024129333226091852
423,1960-61,3,0.00024129333226091852
424,c. 1880,3,0.00024129333226091852
425,(1937),3,0.00024129333226091852
426,1939-1943,3,0.00024129333226091852
427,c. 1919,3,0.00024129333226091852
428,c. 1935-36,3,0.00024129333226091852
429,c. 1980,3,0.00024129333226091852
430,c. 1936-47,3,0.00024129333226091852
431,c. 1965,3,0.00024129333226091852
432,c.1930,3,0.00024129333226091852
433,(1979),3,0.00024129333226091852
434,4th-6th century C.E.,3,0.00024129333226091852
435,1945 (prints executed 1944),3,0.00024129333226091852
436,1989-2001,2,0.00016086222150727902
437,"1957–61, publisher 1961",2,0.00016086222150727902
438,c. 1860,2,0.00016086222150727902
439,1956-57,2,0.00016086222150727902
440,"1983, published 1984",2,0.00016086222150727902
441,c. 1840-42,2,0.00016086222150727902
442,1884,2,0.00016086222150727902
443,(Print executed 1946),2,0.00016086222150727902
444,c. 1975,2,0.00016086222150727902
445,c. 1933-49,2,0.00016086222150727902
446,published 1960,2,0.00016086222150727902
447,c. 1963,2,0.00016086222150727902
448,c. 1907-12,2,0.00016086222150727902
449,1964-1966,2,0.00016086222150727902
450,After 1954,2,0.00016086222150727902
451,1953–1954,2,0.00016086222150727902
452,(Prints executed 1977).,2,0.00016086222150727902
453,(Print executed 1953),2,0.00016086222150727902
454,1943-1944,2,0.00016086222150727902
455,"March 17, 1949, published 1950",2,0.00016086222150727902
456,(1981),2,0.00016086222150727902
457,(1988) (Prints executed 1987),2,0.00016086222150727902
458,1876,2,0.00016086222150727902
459,"1972–78, published 1978",2,0.00016086222150727902
460,1959-60,2,0.00016086222150727902
461,1922 (prints executed 1921),2,0.00016086222150727902
462,1929-1934,2,0.00016086222150727902
463,"1891, published 1892",2,0.00016086222150727902
464,c. 1912,2,0.00016086222150727902
465,c. 1949-53,2,0.00016086222150727902
466,(1950).  (Prints executed 1947-1950).,2,0.00016086222150727902
467,c. 1920-40,2,0.00016086222150727902
468,Designed 1931 (this example 1976),2,0.00016086222150727902
469,(1979).  (Work executed 1974-1977).,2,0.00016086222150727902
470,1900-1962,2,0.00016086222150727902
471,"1911-12, published 1912",2,0.00016086222150727902
472,1933–1949,2,0.00016086222150727902
473,(1971),2,0.00016086222150727902
474,1914-18,2,0.00016086222150727902
475,c. 1934-35,2,0.00016086222150727902
476,c.1928,2,0.00016086222150727902
477,Before 1940,2,0.00016086222150727902
478,1945–1951,2,0.00016086222150727902
479,1953.,2,0.00016086222150727902
480,"December 23, 1943, published 1944",2,0.00016086222150727902
481,1926 (print executed 1921),2,0.00016086222150727902
482,c. 1949-50,2,0.00016086222150727902
483,1880,2,0.00016086222150727902
484,1917 (prints executed 1907-08),2,0.00016086222150727902
485,designed 1961 (this example 1963),2,0.00016086222150727902
486,c. 1808,2,0.00016086222150727902
487,c. 1830,2,0.00016086222150727902
488,"November 15, 1966, published 1968",2,0.00016086222150727902
489,"1957–60, published 1960",2,0.00016086222150727902
490,1937-1947,2,0.00016086222150727902
491,"(1920, print executed 1919)",2,0.00016086222150727902
492,"1955, published 1965",2,0.00016086222150727902
493,1947-53,2,0.00016086222150727902
494,1958-87,2,0.00016086222150727902
495,(Reproduced drawings executed 1974).,2,0.00016086222150727902
496,Before 1961,2,0.00016086222150727902
497,c. 1978-84,2,0.00016086222150727902
498,"1921, published 1922",2,0.00016086222150727902
499,c. 1939-43,2,0.00016086222150727902
500,1946–1947,2,0.00016086222150727902
501,c. 1902,2,0.00016086222150727902
502,c. 1899-1900,2,0.00016086222150727902
503,(1915),2,0.00016086222150727902
504,c.1880,2,0.00016086222150727902
505,1922-1923 (reproduced drawings and watercolors executed 1915-22),2,0.00016086222150727902
506,1985 (Reproduced drawings executed 1927-1984),2,0.00016086222150727902
507,1915–25,2,0.00016086222150727902
508,1934-35,2,0.00016086222150727902
509,"1938, published 1940",2,0.00016086222150727902
510,(Prints executed 1966-1970).,2,0.00016086222150727902
511,1970-72,2,0.00016086222150727902
512,c. 1924-26,2,0.00016086222150727902
513,"1889, published 1890",2,0.00016086222150727902
514,(Prints executed 1913-1928).,2,0.00016086222150727902
515,1877-79,2,0.00016086222150727902
516,(Reproduced  drawings commissioned by Vollard prior to 1939).,2,0.00016086222150727902
517,"1932–33, published 1933",2,0.00016086222150727902
518,c.1955,2,0.00016086222150727902
519,1953-1956,2,0.00016086222150727902
520,April 1916-December 1916,2,0.00016086222150727902
521,1962-1963,2,0.00016086222150727902
522,1923-24,2,0.00016086222150727902
523,c. 1916-28,2,0.00016086222150727902
524,1923–1924,2,0.00016086222150727902
525,(Print executed 1942).,2,0.00016086222150727902
526,1931 or after,2,0.00016086222150727902
527,1974-1977,2,0.00016086222150727902
528,1912 (print executed 1908-09),2,0.00016086222150727902
529,(Prints executed 1967-1969).,2,0.00016086222150727902
530,"May 6, 1948, published 1949",2,0.00016086222150727902
531,"(1916, drawings executed 1910)",2,0.00016086222150727902
532,1932–1933,2,0.00016086222150727902
533,c. 1936-46,2,0.00016086222150727902
534,1894-95,2,0.00016086222150727902
535,1962  (printing completed 1963),2,0.00016086222150727902
536,before 1933,2,0.00016086222150727902
537,1880-1900,2,0.00016086222150727902
538,(1990).  (Prints executed 1988-1990).,2,0.00016086222150727902
539,c. 1909,2,0.00016086222150727902
540,"December 7, 1952, published 1957",2,0.00016086222150727902
541,"1967, published 1968",2,0.00016086222150727902
542,(Prints executed 1981-1983).,2,0.00016086222150727902
543,c.1925-28,2,0.00016086222150727902
544,1956-1957,2,0.00016086222150727902
545,1910-1911,2,0.00016086222150727902
546,Designed 1931 (this example c.1976),2,0.00016086222150727902
547,1913–1923,2,0.00016086222150727902
548,1981–1982,2,0.00016086222150727902
549,published c. 1946,2,0.00016086222150727902
550,late 1920s,2,0.00016086222150727902
551,"1950, prints executed 1945-1950",2,0.00016086222150727902
552,"1957, published 1960",2,0.00016086222150727902
553,c.1939-40,2,0.00016086222150727902
554,1989.,2,0.00016086222150727902
555,1994–1997,2,0.00016086222150727902
556,1947-1953,2,0.00016086222150727902
557,1910 (published 1912),2,0.00016086222150727902
558,c. 1967,2,0.00016086222150727902
559,1989-94,2,0.00016086222150727902
560,1926 (executed1925⁄26),2,0.00016086222150727902
561,1980–1984,2,0.00016086222150727902
562,c.1985,2,0.00016086222150727902
563,(1977),2,0.00016086222150727902
564,c. 1900-1904,2,0.00016086222150727902
565,1931–1932,2,0.00016086222150727902
566,After 1959,2,0.00016086222150727902
567,Designed 1929-1930 (this example ca. 1934),2,0.00016086222150727902
568,c. 1957-58,2,0.00016086222150727902
569,1928–1930,2,0.00016086222150727902
570,1960s,2,0.00016086222150727902
571,1982–90,2,0.00016086222150727902
572,c. 1932-33,2,0.00016086222150727902
573,"1924–31, published 1931",2,0.00016086222150727902
574,1994-2002,2,0.00016086222150727902
575,1929–1935,2,0.00016086222150727902
576,c. 1916-1918,2,0.00016086222150727902
577,c. 1930-31,2,0.00016086222150727902
578,c. 1897,2,0.00016086222150727902
579,Before 1980,1,8.043111075363951e-05
580,1918 (prints executed 1917),1,8.043111075363951e-05
581,c.1980,1,8.043111075363951e-05
582,(Print executed 1970-74),1,8.043111075363951e-05
583,"March 3, 1947, published 1948",1,8.043111075363951e-05
584,1934-36,1,8.043111075363951e-05
585,(1978),1,8.043111075363951e-05
586,September 1991,1,8.043111075363951e-05
587,1993-2000,1,8.043111075363951e-05
588,c.1975,1,8.043111075363951e-05
589,(c. 1968-1970),1,8.043111075363951e-05
590,"1977–79, published 1979",1,8.043111075363951e-05
591,"December 11, 1966, published 1968",1,8.043111075363951e-05
592,1930-1940,1,8.043111075363951e-05
593,1927–1936,1,8.043111075363951e-05
594,1979–1981,1,8.043111075363951e-05
595,1966-67,1,8.043111075363951e-05
596,"1922, published 1923 (hand additions executed 1946)",1,8.043111075363951e-05
597,1965-66,1,8.043111075363951e-05
598,"1926, published 1948",1,8.043111075363951e-05
599,"September 7, 1956, published 1956",1,8.043111075363951e-05
600,1928–30,1,8.043111075363951e-05
601,1943-44,1,8.043111075363951e-05
602,"1947–48, published 1948",1,8.043111075363951e-05
603,"February 5, 1898 – October 22, 1898",1,8.043111075363951e-05
604,1925-26,1,8.043111075363951e-05
605,"1930, published 1935",1,8.043111075363951e-05
606,1942–1943,1,8.043111075363951e-05
607,After 1957,1,8.043111075363951e-05
608,c. 1950-62,1,8.043111075363951e-05
609,c.1947,1,8.043111075363951e-05
610,Before 1958,1,8.043111075363951e-05
611,1966–1967,1,8.043111075363951e-05
612,"1950, prints executed 1949",1,8.043111075363951e-05
613,16th century C.E.,1,8.043111075363951e-05
614,1975–1979,1,8.043111075363951e-05
615,1925-27,1,8.043111075363951e-05
616,1880-1914,1,8.043111075363951e-05
617,Designed 1925 (this example 1953),1,8.043111075363951e-05
618,1897-98,1,8.043111075363951e-05
619,(Prints executed 1988).,1,8.043111075363951e-05
620,(Prints executed 1990-1992).,1,8.043111075363951e-05
621,1927–1931,1,8.043111075363951e-05
622,1927-29,1,8.043111075363951e-05
623,1918-1919,1,8.043111075363951e-05
624,"1952, published 1960",1,8.043111075363951e-05
625,1975-79,1,8.043111075363951e-05
626,(1973).  (Work executed 1972-1973).,1,8.043111075363951e-05
627,1960–1964,1,8.043111075363951e-05
628,1920 (print executed in 1916),1,8.043111075363951e-05
629,1949-1950,1,8.043111075363951e-05
630,1982–1986,1,8.043111075363951e-05
631,1938–1942,1,8.043111075363951e-05
632,1952-1953,1,8.043111075363951e-05
633,c. 1945-55,1,8.043111075363951e-05
634,1879,1,8.043111075363951e-05
635,(1984),1,8.043111075363951e-05
636,1976-79,1,8.043111075363951e-05
637,"1933–1934, published 1934",1,8.043111075363951e-05
638,(Prints executed 1965-1966).,1,8.043111075363951e-05
639,Late 1924-1925,1,8.043111075363951e-05
640,c.1905,1,8.043111075363951e-05
641,"1964-1984, published 1984",1,8.043111075363951e-05
642,1967–1968,1,8.043111075363951e-05
643,1988-95,1,8.043111075363951e-05
644,1935-38,1,8.043111075363951e-05
645,1924–1934,1,8.043111075363951e-05
646,"Prints executed 1910, printed February 11, 1911",1,8.043111075363951e-05
647,"1920, printed 1973",1,8.043111075363951e-05
648,"1962–64, published 1964",1,8.043111075363951e-05
649,(Unpublished by Vollard;  prints executed 1932),1,8.043111075363951e-05
650,(Prints executed 1989-1991).,1,8.043111075363951e-05
651,1947-1956,1,8.043111075363951e-05
652,1902-07,1,8.043111075363951e-05
653,1954–1958,1,8.043111075363951e-05
654,1979–1985,1,8.043111075363951e-05
655,1961-63,1,8.043111075363951e-05
656,c. 1950-63,1,8.043111075363951e-05
657,1933-49,1,8.043111075363951e-05
658,"c. 1922–27, published 1948",1,8.043111075363951e-05
659,1955-56,1,8.043111075363951e-05
660,1968 (executed 1966),1,8.043111075363951e-05
661,1989-1993,1,8.043111075363951e-05
662,"(Paris), Berggruen, 1957.  (Print executed 1954-1957).",1,8.043111075363951e-05
663,1900-1967,1,8.043111075363951e-05
664,c.1966,1,8.043111075363951e-05
665,(Print executed 1945).,1,8.043111075363951e-05
666,April 1994 (plate printed November 1983).,1,8.043111075363951e-05
667,1966-1967,1,8.043111075363951e-05
668,"1890, published 1891",1,8.043111075363951e-05
669,"1938–39, published 1940",1,8.043111075363951e-05
670,1905-07,1,8.043111075363951e-05
671,1990-92,1,8.043111075363951e-05
672,c. 1989-91,1,8.043111075363951e-05
673,"1932, published 1933",1,8.043111075363951e-05
674,c. 1987,1,8.043111075363951e-05
675,"1957–1961, published 1961",1,8.043111075363951e-05
676,"1987–88, published 1988",1,8.043111075363951e-05
677,After 1925,1,8.043111075363951e-05
678,"1955–56, published 1956",1,8.043111075363951e-05
679,1916-1918,1,8.043111075363951e-05
680,"1964–65, published 1966",1,8.043111075363951e-05
681,Before 1956,1,8.043111075363951e-05
682,Late 1930s,1,8.043111075363951e-05
683,"December 12, 1966, published 1968",1,8.043111075363951e-05
684,1968-72,1,8.043111075363951e-05
685,1938-1940,1,8.043111075363951e-05
686,(Prints executed 1979-1981).,1,8.043111075363951e-05
687,c. 1937-41,1,8.043111075363951e-05
688,c. 1933,1,8.043111075363951e-05
689,1901,1,8.043111075363951e-05
690,1973-79,1,8.043111075363951e-05
691,c. 1876,1,8.043111075363951e-05
692,1988-94,1,8.043111075363951e-05
693,1924 (model 1965),1,8.043111075363951e-05
694,"May 10, 1891 supplement",1,8.043111075363951e-05
695,c. 1942-45,1,8.043111075363951e-05
696,1990–1993,1,8.043111075363951e-05
697,1962 (Prints executed 1959-1961).,1,8.043111075363951e-05
698,1982-98,1,8.043111075363951e-05
699,"Before 1930, probably 1928",1,8.043111075363951e-05
700,Before 1959,1,8.043111075363951e-05
701,(1986),1,8.043111075363951e-05
702,1929–1934,1,8.043111075363951e-05
703,1951-52,1,8.043111075363951e-05
704,c. 1896,1,8.043111075363951e-05
705,1947-1949,1,8.043111075363951e-05
706,1976-83,1,8.043111075363951e-05
707,(Work executed 1964-1965).,1,8.043111075363951e-05
708,1939-41,1,8.043111075363951e-05
709,1937-38,1,8.043111075363951e-05
710,"1952–53, published 1953",1,8.043111075363951e-05
711,1948-1952,1,8.043111075363951e-05
712,(1962),1,8.043111075363951e-05
713,1930–1940,1,8.043111075363951e-05
714,1937-60,1,8.043111075363951e-05
715,"April 16, 1950",1,8.043111075363951e-05
716,1923 or later,1,8.043111075363951e-05
717,1988-90,1,8.043111075363951e-05
718,1949-50,1,8.043111075363951e-05
719,Before 1942,1,8.043111075363951e-05
720,Before 1977,1,8.043111075363951e-05
721,"1963, prints executed 1962",1,8.043111075363951e-05
722,"1956, published 1960",1,8.043111075363951e-05
723,1987-92,1,8.043111075363951e-05
724,1975-76,1,8.043111075363951e-05
725,"1988–90, published 1990",1,8.043111075363951e-05
726,c.1986–1996,1,8.043111075363951e-05
727,1950-1967,1,8.043111075363951e-05
728,(1956?),1,8.043111075363951e-05
729,"(1918, published 1920)",1,8.043111075363951e-05
730,"March 14, 1947, published 1948",1,8.043111075363951e-05
731,1768,1,8.043111075363951e-05
732,"1957, published 1965",1,8.043111075363951e-05
733,1931-1932,1,8.043111075363951e-05
734,1923–1926,1,8.043111075363951e-05
735,c. 1900-1902,1,8.043111075363951e-05
736,1969-70.,1,8.043111075363951e-05
737,"1947, published 1953",1,8.043111075363951e-05
738,1920-30,1,8.043111075363951e-05
739,(Prints executed 1953-1956).,1,8.043111075363951e-05
740,1970s,1,8.043111075363951e-05
741,3rd century C.E.,1,8.043111075363951e-05
742,(1982),1,8.043111075363951e-05
743,1925-1930,1,8.043111075363951e-05
744,1920 (print executed c. 1916),1,8.043111075363951e-05
745,(Reproduced paintings and drawings executed 1952).,1,8.043111075363951e-05
746,"February 4, 1947, published 1947",1,8.043111075363951e-05
747,"1952, published 1953",1,8.043111075363951e-05
748,1950-53,1,8.043111075363951e-05
749,c. 1978,1,8.043111075363951e-05
750,Before 1952,1,8.043111075363951e-05
751,Designed 1927 (this example 1980),1,8.043111075363951e-05
752,after 1962,1,8.043111075363951e-05
753,1890-1910,1,8.043111075363951e-05
754,1977–1983,1,8.043111075363951e-05
755,1942–1944,1,8.043111075363951e-05
756,Designed 1929-30 (this example ca.1970),1,8.043111075363951e-05
757,(1952),1,8.043111075363951e-05
758,1967-1968,1,8.043111075363951e-05
759,c. 1944-47,1,8.043111075363951e-05
760,c. 1928-38,1,8.043111075363951e-05
761,1992-94,1,8.043111075363951e-05
762,c. 1909-12,1,8.043111075363951e-05
763,1900-1950,1,8.043111075363951e-05
764,1952-1962,1,8.043111075363951e-05
765,1991–1994,1,8.043111075363951e-05
766,"1959, published 1960",1,8.043111075363951e-05
767,1895-96,1,8.043111075363951e-05
768,c.1930s,1,8.043111075363951e-05
769,1906,1,8.043111075363951e-05
770,1947-1948,1,8.043111075363951e-05
771,(Prints executed 1952).,1,8.043111075363951e-05
772,c.1918,1,8.043111075363951e-05
773,1978–1980,1,8.043111075363951e-05
774,1910 (prints executed 1909),1,8.043111075363951e-05
775,1915–1917,1,8.043111075363951e-05
776,c.1952,1,8.043111075363951e-05
777,1914–1918,1,8.043111075363951e-05
778,"1919, published 1958",1,8.043111075363951e-05
779,"(1950, prints executed 1949-50)",1,8.043111075363951e-05
780,1936-39,1,8.043111075363951e-05
781,1990-1991,1,8.043111075363951e-05
782,1954–1955,1,8.043111075363951e-05
783,Before 1949,1,8.043111075363951e-05
784,1937-1960,1,8.043111075363951e-05
785,1986.,1,8.043111075363951e-05
786,1921 (model 1985),1,8.043111075363951e-05
787,1913-14,1,8.043111075363951e-05
788,c.1936,1,8.043111075363951e-05
789,1973–74,1,8.043111075363951e-05
790,"(1917, published 1918)",1,8.043111075363951e-05
791,(Prints executed 1975-1976).,1,8.043111075363951e-05
792,1938-64,1,8.043111075363951e-05
793,(Print executed 1955),1,8.043111075363951e-05
794,1900-1951,1,8.043111075363951e-05
795,c.1917,1,8.043111075363951e-05
796,c.1910,1,8.043111075363951e-05
797,c. 1950-51,1,8.043111075363951e-05
798,After 1928,1,8.043111075363951e-05
799,c. 1955.,1,8.043111075363951e-05
800,c. 1985,1,8.043111075363951e-05
801,1975  (First edition 1962-63),1,8.043111075363951e-05
802,c. 1914-1918,1,8.043111075363951e-05
803,1979–1982,1,8.043111075363951e-05
804,"(Book commissioned, but unpublished by Vollard;  Print executed 1927; Book publi",1,8.043111075363951e-05
805,1927-35,1,8.043111075363951e-05
806,1928-1933,1,8.043111075363951e-05
807,1926 (print executed 1925),1,8.043111075363951e-05
808,1905-1907,1,8.043111075363951e-05
809,c. 1930s,1,8.043111075363951e-05
810,1902-03,1,8.043111075363951e-05
811,1922 (model 1985),1,8.043111075363951e-05
812,1922-1923,1,8.043111075363951e-05
813,(Prints executed 1943).,1,8.043111075363951e-05
814,c. 1904-07,1,8.043111075363951e-05
815,"(1973-1974, prints executed 1973)",1,8.043111075363951e-05
816,(Print executed 1944).,1,8.043111075363951e-05
817,Before 1962,1,8.043111075363951e-05
818,"1932, published 1935",1,8.043111075363951e-05
819,c.1919,1,8.043111075363951e-05
820,c.1949,1,8.043111075363951e-05
821,(Prints executed 1947-53).,1,8.043111075363951e-05
822,1963 (Woodcuts executed 1907),1,8.043111075363951e-05
823,1958–1964,1,8.043111075363951e-05
824,c.1938,1,8.043111075363951e-05
825,c.1981,1,8.043111075363951e-05
826,c. 1973.,1,8.043111075363951e-05
827,1977-78,1,8.043111075363951e-05
828,(Prints executed 1963-1964).,1,8.043111075363951e-05
829,c.1970,1,8.043111075363951e-05
